code,name,glottolog_name,glottocode,sources
abk,Abkhaz,Abkhaz,abkh1244,
acr,"Achi', Rabinal dialect",Achi,achi1256,
acv,Achumawi,Achumawi,achu1247,"lapsyd_Olmsted1964,lapsyd_Olmsted1966"
adj,Adjukru,Adioukrou,adio1239,lapsyd_1527_adj_herault
adz,Adzera,Adzera,adze1240,"lapsyd_Holzknecht1973,lapsyd_Holzknecht1973"
aey,Amele,Amele,amel1241,lapsyd_Roberts1987
agm,Angaatiha,Angaataha,anga1290,"lapsyd_Huisman1973,lapsyd_HuismanLloyd1981"
agq,Aghem,Aghem,aghe1239,lapsyd_Hyman1979
aht,Ahtna,Ahtena,ahte1237,
aid,Anguthimri,Alngith,alng1239,
ain,"Ainu, Hokkaido dialect",Hokkaido Ainu,ainu1240,"lapsyd_Patrie1982,lapsyd_Simeon1969"
akc,Mpur,Mpur,mpur1239,
akz,Alabama,Alabama,alab1237,lapsyd_Rand1968
alc,Qawasqar,Qawasqar,qawa1238,lapsyd_Clairis1977
ale,"Aleut, Eastern",Eastern Aleut,aleu1260,"lapsyd_Bergsland1956,lapsyd_Bergsland1959"
alh,Alawa,Alawa,alaw1244,
als,"Albanian, Tosk dialect",Northern Tosk Albanian,tosk1239,"lapsyd_Newmark1957,lapsyd_klippenstein2010word"
amc,Amahuaca,Amahuaca,amah1246,lapsyd_1998_Osborn1948
ame,Yanesha',Yanesha',yane1238,"lapsyd_Fast1953,lapsyd_Wise1958,lapsyd_1838_Duff-Tripp1998"
amh,Amharic,Amharic,amha1245,
amp,Alamblak,Alamblak,alam1246,lapsyd_Bruce1984
amy,Emmi,Ami,amii1238,lapsyd_42990
anc,Angas,Ngas,ngas1240,lapsyd_Burquest1971
ano,Andoke,Andoque,ando1256,lapsyd_Landaburu1979
ape,Bukiyip,Bukiyip,buki1249,
apj,Jicarilla Apache,Jicarilla Apache,jica1244,lapsyd_apj_tuttle2002
apn,Apinaye,Apinayé,apin1244,"lapsyd_BurgessHam1968,lapsyd_1953_Oliveira2005"
apu,Apurinã,Apurinã,apur1254,lapsyd_apu_facundes2000
apy,Apalaí,Apalaí,apal1257,lapsyd_1863_Koehnetal1971
arh,Ika (Colombia),Arhuaco,arhu1242,
arl,Arabela,Arabela,arab1268,"lapsyd_2139_Rich1963,lapsyd_2139_Rich1999"
arn,Mapudungun,Mapudungun,mapu1245,lapsyd_EcheverriaContreras1965
ary,"Arabic, Moroccan",Moroccan Arabic,moro1292,"lapsyd_Abdel-Massih1973,lapsyd_Harrell1965"
arz,Egyptian Arabic,Egyptian Arabic,egyp1253,"lapsyd_Kennedy1960,lapsyd_Mitchell1962,lapsyd_Tomiche1964"
asm,Assamese,Assamese,assa1263,
auj,Awjila,Awjilah,awji1241,
awn,Awngi,Awngi,awng1244,"lapsyd_ahg_hetzron1969,lapsyd_1542_awngi_2010"
axb,Abipon,Abipon,abip1241,
ayo,ayoreo,Ayoreo,ayor1240,
ayr,"Aymara, Central",Central Aymara,cent2142,
ayz,"Maybrat, Mayhapeh dialect of Ayawasi village",Maybrat-Karon,maib1239,lapsyd_ayz_dol1999
azj,"Azerbaijani, Northern",North Azerbaijani,nort2697,lapsyd_HouseholderLofti1965
bae,Baré,Baré,bare1276,
bak,Bashkir,Bashkir,bash1264,
bam,Bambara,Bambara,bamb1269,"lapsyd_Bird_etal1977,lapsyd_1496_bam_green2010"
bao,"Barasano, Northern",Waimaha,waim1255,lapsyd_StolteStolte1971
bba,Bariba,Baatonum,baat1238,lapsyd_Welmers1952
bbc,"Batak, Toba",Batak Toba,bata1289,lapsyd_vanderTuuk1971
bbl,Bats,Bats,bats1242,lapsyd_Desheriev1953
bcj,Bardi,Bardi,bard1255,"lapsyd_Metcalfe1971,lapsyd_302317"
bck,Bunuba,Bunaba,buna1275,
bcs,Kohumono,Kohumono,kohu1244,lapsyd_Cook1969a
bdy,Bandjalang (Yugumbir),Middle Clarence Bandjalang,midd1357,"lapsyd_Cunningham1969,lapsyd_304717"
bej,Beja,Beja,beja1238,lapsyd_Hudson1974
ben,Bengali,Bengali,beng1280,"lapsyd_FergusonChowdhury1960,lapsyd_1711_Bhattacharya1988,lapsyd_ben_khan2010"
bgr,Bawm,Bawm Chin,bawm1236,
bjh,Bahinemo,Bahinemo,bahi1254,
bkq,Bakairi,Bakairí,baka1277,"lapsyd_Wheatley1973,lapsyd_Wheatley1969"
blb,Bilua,Bilua,bilu1245,lapsyd_blb_obata2003
blc,Nuxalk,Bella Coola,bell1243,lapsyd_Newman1947
blf,Buol,Buol,buol1237,
bmi,Bagirmi,Bagirmi,bagi1246,lapsyd_1469_bmi
bmr,Muinane,Muinane,muin1242,
boa,Bora,Bora,bora1263,"lapsyd_1857_Parker2001,lapsyd_1857_Weberetal2001"
bom,Birom,Berom,bero1242,"lapsyd_Bouquiaux1970,lapsyd_Wolff1959"
bor,Borôro,Bororo,boro1282,"lapsyd_1955_Nonato2008,lapsyd_Crowell1979"
brh,Brahui,Brahui,brah1256,"lapsyd_De-Armond1975,lapsyd_Emeneau1937,lapsyd_Emeneau1962,lapsyd_elfenbein1997brahui"
bsc,"Basari (Guinée, Sénégal)",Bassari-Tanda,bass1258,
btx,"Batak, Karo",Batak Karo,bata1293,
bul,Bulgarian,Bulgarian,bulg1262,"lapsyd_Scatton1984,lapsyd_Aronson1968,lapsyd_Bidwell1968,lapsyd_Klagstad1958"
bvr,Burarra,Burarra,bura1267,lapsyd_GlasgowGlasgow1967
byx,Baining,Qaqet,qaqe1238,lapsyd_ParkerParker1974
bzd,Bribri,Bribri,brib1243,
bzi,Bisu,Bisu,bisu1244,
bzr,Biri,Biri,biri1256,
cab,Garifuna,Garifuna,gari1256,lapsyd_Taylor1955
cad,Caddo,Caddo,cadd1256,lapsyd_Chafe1976
caq,Car Nicobarese,Car Nicobarese,carn1240,lapsyd_Das1977
car,Kalihna,Galibi Carib,gali1262,lapsyd_Hoff1968
cat,"Catalan, Eastern",Català Oriental,stan1289,
cav,Cavineña,Cavineña,cavi1250,lapsyd_2045_Guillaume2008
cbg,Chimila,Chimila,chim1309,lapsyd_1894_Malone2006
cbi,Chachi,Cha'palaa,chac1249,
cbv,Kakwa (Colombia),Kakua,cacu1241,"lapsyd_Anderton1989,lapsyd_Cathcart1979"
ccc,Chamicuro,Chamicuro,cham1318,
ces,Czech,Czech,czec1258,
cgg,Nkore-Kiga,Chiga,chig1238,lapsyd_nyn_poletto1998
cha,Chamorro,Chamorro,cham1312,"lapsyd_Seiden1960,lapsyd_Topping1973"
chl,Cahuilla,Cahuilla,cahu1264,
chv,Chuvash,Chuvash,chuv1255,
cjv,Chuave,Chuave,chua1250,lapsyd_Thurman1970
ckt,Chukchi,Chukchi,chuk1273,"lapsyd_Skorik1961,lapsyd_Skorik1968"
cku,Koasati,Koasati,koas1236,
cmi,Emberá,Emberá-Chamí,embe1262,
cmn,Mandarin,Mandarin Chinese,mand1415,"lapsyd_Chao1968,lapsyd_Cheng1973b,lapsyd_Dow1972,lapsyd_cmn_lee2003_phon"
cns,"Asmat, Central, Kawenal dialect",Central Asmat,cent2117,lapsyd_Voorhoeve1965
cof,Tsafiki,Tsafiki,colo1256,"lapsyd_1856_Moore1972,lapsyd_cof_dickinson2002"
com,Comanche,Comanche,coma1245,lapsyd_com_charney1993
con,Cofan,Cofán,cofa1242,
cow,Cowlitz,Cowlitz,cowl1242,
cpc,Ajyîninka,Ajyíninka Apurucayali,ajyi1238,"lapsyd_Payne1981,lapsyd_1807_Payneetal1982,lapsyd_1806_Dirks1953"
crk,"Cree, Plains",Plains Cree,plai1258,
css,Mutsun,Southern Ohlone,sout2986,
csz,Hanis,Hanis,coos1249,
ctp,"Chatino, Western Highland",Western Highland Chatino,west2644,
cub,Cubeo,Cubeo,cube1242,lapsyd_Salser1971
cui,Cuiba,Cuiba,cuib1242,
cuk,Kuna,San Blas Kuna,sanb1242,lapsyd_Sherzer1983
cuy,Cuitlatec,Cuitlatec,cuit1236,
cyb,Cayuvava,Cayubaba,cayu1262,lapsyd_Key1961
cym,"Welsh, Northern",Welsh,wels1247,lapsyd_jones1984distinctive
dag,Dagbani,Dagbani,dagb1246,lapsyd_WilsonBendor-Samuel1969
daj,Dar Fur Daju,Dar Fur Daju,darf1239,"lapsyd_Thelwall1981,lapsyd_TuckerBryan1966"
dbl,Dyirbal,Dyirbal,dyir1250,lapsyd_118330
deu,German,German,stan1295,"lapsyd_deu_kohler1990,lapsyd_Moulton1962,lapsyd_Wangler1972"
dgz,Daga,Daga,daga1275,
dhv,Drehu,Dehu,dehu1237,
dif,Diyari,Dieri,dier1241,lapsyd_28483
div,Dhivehi,Dhivehi,dhiv1236,lapsyd_68033
djc,Dar Daju Daju,Dar Daju Daju,dard1243,
djj,Ndjébbana,Djeebbana,djee1236,
djk,Ndyuka,Aukan,ndyu1242,
dni,"Dani, Lower Grand Valley",Lower Grand Valley Dani,lowe1415,"lapsyd_Bromley1961,lapsyd_vanderStap1966"
drl,"Paakantyi, Southern",Paakantyi,darl1243,lapsyd_7335
dru,"Rukai, Tanan dialect",Tanan,ruka1240,"lapsyd_Li1973,lapsyd_Li1977-dru"
dry,Darai,Darai,dara1250,
dsq,Tadaksahak,Tadaksahak,tada1238,lapsyd_1372_dsq
dwr,Dawro,Dawro,dawr1236,
dwu,Dhuwal,Dhuwal,dhuw1249,"lapsyd_Morphy1983,lapsyd_RoseMorphy1982"
dyo,Diola-Fogny,Jola-Fonyi,jola1263,lapsyd_Sapir1965
efi,Efik,Efik,efik1245,lapsyd_Cook1969b
ekg,Ekari,Ekari,ekar1243,"lapsyd_Doble1987,lapsyd_Steltenpool1969"
ell,Greek,Modern Greek,mode1248,"lapsyd_Householder_etal1964,lapsyd_ell_2arvaniti1999"
ell,Grico,Modern Greek,apul1236,
eme,Emerillon,Teko,emer1243,
eng,English (Standard Southern British),English,stan1293,
ese,Ese Ejja,Ese Ejja,esee1248,lapsyd_2046_Vuillermet2006
etu,Ejagham,Ejagham,ejag1239,lapsyd_Watters1981
eus,"Basque, central",Basque,basq1248,"lapsyd_11989,lapsyd_304242,lapsyd_Ndiaye1970"
evn,Evenki,Evenki,even1259,
ewo,Ewondo,Ewondo,ewon1239,"lapsyd_Abega1970,lapsyd_NnomoMbezele1982,lapsyd_Redden1979"
eya,Eyak,Eyak,eyak1241,lapsyd_Krauss1965
faa,Fasu,Fasu,fasu1242,lapsyd_LoewekeMay1964
fia,Nobiin,Nobiin,nobi1240,"lapsyd_Bell1968,lapsyd_Bell1971"
fij,"Fijian, Boumaa dialect",Fijian,fiji1243,lapsyd_Dixon1988
fin,Finnish,Finnish,finn1318,lapsyd_Harms1964
fra,French,French,stan1290,"lapsyd_fra_fougeron1993,lapsyd_Sten1963"
fun,Yaathe,Fulniô,fuln1247,"lapsyd_Lapenda1968,lapsyd_Lapenda1968"
fvr,Fur,Fur,furr1244,"lapsyd_Beaton1968,lapsyd_TuckerBryan1966"
gaj,Gadsup,Gadsup,gads1258,lapsyd_FrantzFrantz1966
gdl,Diraytata,Dirasha,dira1242,
gdq,"Mehri, Mehreyyet dialect",Mehri,mehr1241,lapsyd_142411
gho,Ghomara Berber,Ghomara,ghom1257,
gil,Kiribati,Gilbertese,gilb1244,
gla,Scottish Gaelic,Scottish Gaelic,scot1245,lapsyd_ladefoged1998phonetic
gld,Nanai,Nanai,nana1257,
gle,"Irish, Donegal dialect",Donegal,iris1253,lapsyd_gle_ni_chasaide1995
gni,Gooniyandi,Gooniyandi,goon1238,lapsyd_98977
gnu,Gojri,Gnau,gnau1240,"lapsyd_1724_Sharma1979,lapsyd_gju_losey2002"
gqu,Qua Gelao,Central Gelao-Qau,qaua1234,"lapsyd_He1983,lapsyd_He1981"
grj,Grebo,Southern Grebo,sout2826,
guc,Wayuu,Wayuu,wayu1243,lapsyd_Holmer1949
gug,"Guarani, Paraguayan",Paraguayan Guaraní,para1311,"lapsyd_GregoresSuarez1967,lapsyd_Lunt1973,lapsyd_Uldall1956"
guk,"Gumuz, Southern",Northern Gumuz,gumu1244,lapsyd_1475_sese
gum,Guambiano,Guambiano,guam1248,"lapsyd_BranksBranks1973,lapsyd_Caudmont1964"
gup,Kunwinjku,Bininj Kun-Wok,gunw1252,lapsyd_311644
guq,Ache,Aché,ache1246,"lapsyd_Susnik1974,lapsyd_2068_Roessler2008"
gut,Maléku Jaika,Maléku Jaíka,male1297,
gvn,Kuku Yalanji,Kuku-Yalanji,kuku1273,"lapsyd_Oates1964,lapsyd_Wurm1972a,lapsyd_2103"
gwc,Kalami,Gawri,kala1373,
gww,Gunin,Kwini,kwin1241,lapsyd_5187
gyd,Kayardild,Kayardild,kaya1319,lapsyd_43598
had,"Hatam, Tinam dialect",Tinam,hata1243,
hae,"Oromo, Harar",Eastern Oromo,east2652,lapsyd_1552_hae
hau,Hausa,Hausa,haus1257,
haw,Hawaiian,Hawaiian,hawa1245,"lapsyd_PukuiElbert1965,lapsyd_Schutz1981"
heb,Hebrew (modern Ashkenazic),Modern Hebrew,hebr1245,lapsyd_Bolozky1997hebrew
hin,Hindi,Hindi,hind1269,"lapsyd_Kelkar1968,lapsyd_1728_Ohala1983"
hix,Hixkaryana,Hixkaryána,hixk1239,lapsyd_1871_Derbyshire1985
hmm,Manange,Central Mashan Hmong,cent1394,lapsyd_nmm_hildebrandt2004
hmt,Hamtai,Hamtai,hamt1247,
hnj,Mong Njua,Hmong Njua,hmon1264,"lapsyd_Wang1985,lapsyd_Wang1983,lapsyd_mortensen2004preliminaries"
hop,Hopi,Hopi,hopi1249,"lapsyd_Voegelin1956,lapsyd_Whorf1946"
hot,Hobyot,Hote,hote1245,
hsb,"Sorbian, Upper dialect",Upper Sorbian,uppe1395,
hub,Huambisa,Huambisa,huam1247,lapsyd_BeasleyPike1957
hun,Hungarian,Hungarian,hung1274,
hup,Hupa,Hupa-Chilula,hupa1239,lapsyd_Golla1970
hus,Huastec,Huastec,huas1242,"lapsyd_LarsenPike1949,lapsyd_Ochoa-Peralta1984"
huu,"Witoto, Murui dialect",Murui Huitoto,muru1274,
huz,Hunzib,Hunzib,hunz1247,lapsyd_huz_VanDenBerg1995
hvn,Havu,Hawu,sabu1255,
hye,"Armenian, Eastern",Eastern Armenian,nucl1235,lapsyd_Allen1950
iai,Iaai,Iaai,iaai1238,"lapsyd_Haudricourt1971,lapsyd_Ozanne-Rivierre1976"
iba,Iban,Iban,iban1264,"lapsyd_Kuala1981,lapsyd_Scott1957"
ibo,Igbo,Igbo,nucl1417,
ign,Moxo,Ignaciano,igna1246,lapsyd_OttOtt1967
ikx,Ik,Ik,ikkk1242,lapsyd_Heine1975b
imn,Imonda,Imonda,imon1245,lapsyd_imn_seiler1985
inb,Inga,Colombian Inga,inga1252,
ind,Indonesian,Indonesian,indo1316,lapsyd_ind_soderberg2008_phon
inh,Ingush,Ingush,ingu1240,lapsyd_305982
inp,Iñapari,Iñapari,inap1243,
irn,Irantxe,Irántxe-Münkü,iran1263,lapsyd_Meader1967
iso,"Isoko, Uzere dialect",Uzere,isok1239,lapsyd_Donwa1982
ita,Italian,Italian,ital1282,lapsyd_ita_rogers2004
ito,Itonama,Itonama,iton1250,lapsyd_1928_Crevels2002
iwm,"Iwam, May River",Iwam,iwam1256,lapsyd_Laycock1965
jaa,"Madi (Brazil), Banawa dialect",Banawa,jama1261,"lapsyd_1846_Ladefogedetal1997,lapsyd_jaa_vogel2003"
jac,"Jacaltec, Eastern",Popti',popt1235,"lapsyd_Craig1977,lapsyd_Day1973"
jae,Yabem,Yabem,yabe1254,
jao,Yanyuwa,Yanyuwa,yany1243,"lapsyd_HuttarKirton1981,lapsyd_120141"
jeb,Jebero,Jebero,jebe1250,"lapsyd_Bendor-Samuel1961,lapsyd_1860_ValenzuelaGussenhoven2013"
jic,Tol,Tol,toll1241,lapsyd_FlemingDennis1977
jig,Jingulu,Jingulu,djin1251,lapsyd_3253
jpn,Japanese,Japanese,nucl1643,"lapsyd_Bloch1950,lapsyd_Jorden1963,lapsyd_Martin1952,lapsyd_Shibatani1990"
jru,Japreria,Japrería,japr1238,lapsyd_DurbinSeijas1972
jua,Júma,Júma,juma1249,lapsyd_2086_Abrahamsonetal1984
kal,West Greenlandic Inuktitut,Kalaallisut,kala1399,lapsyd_Rischel1974
kan,Kannada,Kannada,nucl1305,lapsyd_1734_Upadhyaya1972
kas,Kashmiri,Kashmiri,kash1277,"lapsyd_Bhat1987,lapsyd_KelkarTrisal1964,lapsyd_Zakharin1974,lapsyd_ZakharinEdelman1971"
kat,Georgian,Georgian,nucl1302,"lapsyd_RobinsWaterson1952,lapsyd_Vogt1958,lapsyd_Vogt1971,lapsyd_kat_shosted2006"
kbh,Camsa,Camsá,cams1241,lapsyd_Mongui1981
kbk,Koiari,Grass Koiari,gras1249,lapsyd_Dutton1969
kbr,Kafa,Kafa,kafa1242,
kbv,"Dla, Menggwa dialect",Mengau,dera1245,lapsyd_Voorhoeve1971
kca,"Khanty, Northern",Kazym-Berezover-Suryskarer Khanty,khan1273,"lapsyd_Gulya1966,lapsyd_kca_filchenko2007"
kea,"Cape Verde Creole, Santiago dialect",Kabuverdianu,kabu1256,lapsyd_1606_Veiga_cap-vert_kea
kek,K'ekchi,Kekchí,kekc1242,lapsyd_Haeseriju1966
ker,Kera,Kera,kera1255,"lapsyd_Ebert1976,lapsyd_Ebert1979,lapsyd_ker_pearce2011"
kew,"Kewa, Western",West Kewa,west2599,lapsyd_FranklinFranklin1962
kfe,Kota (India),Kota (India),kota1263,
kff,Koya,Koya,koya1251,lapsyd_Tyler1969
kfz,Koromfe,Koromfé,koro1298,
kgo,Krongo,Krongo,kron1241,lapsyd_1416_kadugli_krongo
kgr,Abun,Abun,abun1252,lapsyd_berry1999abun
kha,Khasi,Khasi,khas1269,lapsyd_Rabel1961
khb,Ly,Lü,luuu1242,lapsyd_Li1964
khc,"Tukang Besi, Wanci (Northern) dialect",Tukang Besi North,tuka1248,
khk,Khalkha,Halh Mongolian,halh1238,"lapsyd_Luvsanvandan1964,lapsyd_Street1963,lapsyd_Svantesson1985"
khl,Kaliai,Lusi,lusi1240,lapsyd_Counts1969
khq,"Songhay, Koyra Chiini dialect",Koyra Chiini Songhay,koyr1240,
khr,"Kharia, Dudh",Kharia,khar1287,"lapsyd_82056,lapsyd_1740_Biligiri1965,lapsyd_Pinnow1959"
kic,Kickapoo,Kickapoo,kick1244,
kij,Kilivila,Kilivila,kili1267,
kio,Kiowa,Kiowa,kiow1266,"lapsyd_WatkinsMcKenzie1984,lapsyd_Sivertsen1956"
kir,Kyrgyz,Kirghiz,kirg1245,lapsyd_55109
kjd,"Southern Kiwai, Island dialect",Southern Kiwai,sout2949,
kjh,Khakas,Khakas,khak1248,
kjl,"Kham, Takale dialect",Takale,west2420,
kjq,Western Keres,Western Keres,west2632,lapsyd_Miller1966
kkk,Kokota,Kokota,koko1269,
kkw,"Teke, Kukuya dialect",Teke-Kukuya,teke1280,lapsyd_Paulian1975
kla,Klamath,Klamath-Modoc,klam1254,lapsyd_Barker1964
klq,Rumu,Rumu,rumu1243,
kmo,Kwoma,Kwoma,kwom1262,lapsyd_Kooyers_etal1971
kna,Kanakuru,Dera (Nigeria),dera1248,
knc,Kanuri,Central Kanuri,cent2050,lapsyd_Awobuluyi1971
knn,Konkani,Maharashtrian Konkani,konk1267,"lapsyd_Gajendragadkar1970,lapsyd_Madtha1984,lapsyd_Major1979"
kog,Kogi,Cogui,cogu1240,lapsyd_1896_Gawthorneetal1984
kor,Korean,Korean,kore1280,"lapsyd_Kim1986,lapsyd_Cho1967,lapsyd_Kim1972,lapsyd_Martin1951,lapsyd_Martin1954,lapsyd_MartinLee1969"
kpk,Kpan,Kpan,kpan1246,lapsyd_Shimizu1971
kpm,Sre,Koho,koho1244,
kpw,Kobon,Kobon,kobo1249,
kpy,Koryak,Koryak,kory1246,lapsyd_Zhukova1980
krc,"Karachay-Balkar, Karachay dialect",Karachay,kara1465,
kru,Kurukh,Kurukh,kuru1302,"lapsyd_Pfeiffer1972,lapsyd_Pinnow1964,lapsyd_1754_Ekka1985"
ksi,I'saka,I'saka,kris1246,lapsyd_ksi_donohue2002
kss,"Kisi, Southern dialect",Southern Kisi,sout2778,
ksx,Kedang,Kedang,keda1252,
ktg,Kalkatungu,Kalkutung,kalk1246,
kto,"Kuot, South",Kuot,kuot1243,lapsyd_kto_lindstrom2002
kun,Kunama,Kunama,kuna1268,lapsyd_kun_ashkaba1999
kup,Kunimaipa,Kunimaipa,kuni1267,lapsyd_Pence1966
kut,Kutenai,Kutenai,kute1249,
kwd,Kwaio,Kwaio,kwai1243,
kwi,Awa Pit,Awa-Cuaiquer,awac1239,"lapsyd_kwi_curnow1997,lapsyd_1856_Curnowetal1998"
kwk,Kwakw'ala,Kwak'wala,kwak1269,"lapsyd_Grubb1977,lapsyd_Boas1947,lapsyd_Newman1950"
kyh,Karuk,Karok,karo1304,lapsyd_Bright1957
kyj,Karao,Karao,kara1487,
lbj,"Ladakhi, dialect of Leh",Leh Ladakhi,lada1244,"lapsyd_101891,lapsyd_1756_Koshal1976"
lbz,Lardil,Lardil,lard1243,"lapsyd_round_word_2011,lapsyd_115021"
lef,Lelemi,Lelemi,lele1264,lapsyd_Hofftmann1971
lep,Lepcha,Lepcha,lepc1244,
lez,Lezgian,Lezgian,lezg1247,lapsyd_91629
lgg,"Lugbara, Western",Lugbara,lugb1240,"lapsyd_Anderson1986,lapsyd_Crazzolara1960,lapsyd_TuckerBryan1966"
lhu,Lahu,Lahu,lahu1253,lapsyd_16137
lic,"Hlai, Lauhut (Baoding) dialect",Hlai,hlai1239,lapsyd_OuyangZheng1963
lit,Lithuanian,Lithuanian,lith1251,"lapsyd_Augustitis1964,lapsyd_Senn1966"
lkt,"Lakota, Teton",Lakota,lako1247,
lln,Lele (Chad),Lele (Chad),lele1276,lapsyd_1275_lele_frajzyngier
lmc,Limilngan,Limilngan,nucl1327,lapsyd_harvey_grammar_2001
lpa,Lelepa,Lelepa,lele1267,
lui,Luiseño,Luiseno-Juaneño,luis1253,"lapsyd_Bright1965,lapsyd_Bright1968,lapsyd_Hyde1971,lapsyd_KroeberGrace1960,lapsyd_Malecot1963"
lvk,Lavukaleve,Lavukaleve,lavu1241,
lwu,Lawu,Lawu,lawu1238,
mai,Maithili,Maithili,mait1250,
mak,Makassarese,Makasar,maka1311,
maz,"Mazahua, Central",Central Mazahua,cent2144,"lapsyd_Pike1951,lapsyd_Spotts1953"
mbl,Maxakalí,Maxakalí,maxa1247,lapsyd_Gudschinsky_etal1970
mbp,Damana,Malayo,mala1522,
mca,Maká,Maca,maca1260,lapsyd_1982_Gerzenstein1994
mdd,Mbum,Mbum,mbum1254,lapsyd_Hagege1970
mde,Maba,Maba (Chad),maba1277,lapsyd_TuckerBryan1966
mei,"Midob, Kaargedi dialect",Kaageddi,mido1240,
mfc,Mbane,Mba,mbaa1245,lapsyd_Pasch1986
mhi,"Ma'di, Southern (Lokai) dialect",Lokai,madi1260,"lapsyd_1292_snm_blackingsfabb,lapsyd_1425_luc"
mhj,Moghol,Mogholi,mogh1245,lapsyd_Weiers1971
mhl,Mauwake,Mauwake,mauw1238,
mhq,Mandan,Mandan,mand1446,
mhu,Digaro,Tawra,diga1241,"lapsyd_1767_Sastry1984,lapsyd_69191,lapsyd_1767_Sastry1984"
mhz,Mor (Indonesia),Mor (Mor Islands),morm1235,
mia,Miami-Illinois,Miami,miam1252,
mif,Mofu-Gugur,Mofu-Gudur,mofu1248,lapsyd_1598_mif
mig,"Mixtec, Chalcatongo (Western Alta)",San Miguel El Grande Mixtec,sanm1295,
miq,Miskitu,Mískito,misk1235,
mjg,"Mangghuer, Minxe dialect",Tu,tuuu1240,"lapsyd_117351,lapsyd_Todaeva1973"
mky,"Taba, Waikyon dialect",East Makian,east2440,lapsyd_mky_bowden1997
mla,"Tamambo, western",Tamambo,malo1243,lapsyd_mla_riehl-jauncey2005
mlt,"Maltese, Standard",Maltese,malt1254,
mni,Meithei,Manipuri,mani1292,lapsyd_1764_Singh1975
mns,"Mansi, Northern",Northern Mansi,mans1258,
mpb,Malakmalak,Mullukmulluk,mull1237,"lapsyd_161795,lapsyd_2833"
mpc,Mangarrayi,Mangarrayi,mang1381,
mph,Maung,Mawng,maun1240,lapsyd_CapellHinch1970
mps,Dadibi,Dadibi,dadi1250,lapsyd_MacDonald1973
mpt,Mian,Mian,mian1256,lapsyd_mpt_loving1974
mqs,West Makian,West Makian,west2600,"lapsyd_Voorhoeve1982,lapsyd_Watuseke1976"
mrc,Maricopa,Maricopa,mari1440,
mri,Māori,Maori,maor1246,
mtg,Una (Papua),Una,unaa1239,
mur,Murle,Murle,murl1244,lapsyd_TuckerBryan1966
mwf,Murrinhpatha,Murriny Patha,murr1258,lapsyd_StreetMollinjin1981
mwp,Kala Lagau Ya,Kala Lagaw Ya,kala1377,"lapsyd_Kennedy1981,lapsyd_Wurm1972a"
mxf,Malgbe,Malgbe,malg1250,lapsyd_Bouny1977
mxu,Mada (Cameroun),Mada (Cameroon),mada1293,
mya,Burmese,Burmese,nucl1310,"lapsyd_Okell1969,lapsyd_mya_watkins2001"
myh,Makah,Makah,maka1318,lapsyd_noo_davidson2002
myp,Pirahã,Pirahã,pira1253,lapsyd_Everett1982
myr,Muniche,Muniche,muni1258,lapsyd_1933_Lev_etal2013
myu,Mundurukú,Mundurukú,mund1330,lapsyd_2096_Picanco2005
mzm,Mumuye,Mumuye,nucl1240,lapsyd_Shimizu1983
mzp,Movima,Movima,movi1243,"lapsyd_1932_Haude2006,lapsyd_JudyJudy1962"
nab,Southern Nambiquara,Southern Nambikuára,sout2994,lapsyd_Price1976
nan,Hainanese,Min Nan Chinese,minn1241,lapsyd_Hanyu1960
naq,Khoekhoe,Nama (Namibia),nama1264,
nas,Naasioi,Naasioi,naas1242,"lapsyd_HurdHurd1966,lapsyd_HurdHurd1966"
nav,Navajo,Navajo,nava1243,lapsyd_SapirHoijer1967
ncb,"Central Nicobarese, Nancowry dialect",Nancowry,cent1990,
ncj,"Nahuatl, North Puebla",Northern Puebla Nahuatl,nort2957,lapsyd_Brockway1963
nck,Nakkara,Nakara,naka1260,lapsyd_152615
ncz,Natchez,Natchez,natc1249,
ndv,Ndut,Ndut,ndut1239,lapsyd_Gueye1986
new,"Newari, Kathmandu dialect",Kathmandu Valley Newari,newa1246,"lapsyd_HaleHale1969,lapsyd_Manandhar1986"
nez,Nez Perce,Nez Perce,nezp1238,
ngi,Ngizim,Ngizim,ngiz1242,lapsyd_Schuh1972
nha,Nhanda,Nhanda,nhan1238,lapsyd_123243
nhg,"Nahuatl, Tetelcingo",Tetelcingo Nahuatl,tete1251,
nhu,Noni,Noone,noon1243,lapsyd_Hyman1981
nio,Nganasan,Nganasan,ngan1291,"lapsyd_Castren1966,lapsyd_Tereshchenko1966b,lapsyd_128521"
niq,Nandi,Nandi,nand1266,
nir,Nimboran,Nimboran,nucl1633,lapsyd_Anceaux1965
niv,Nivkh,Amur Nivkh,gily1242,"lapsyd_Krejnovich1937,lapsyd_ZinderMatusevich1937,lapsyd_Panfilov1962,lapsyd_150394"
niy,Ngiti,Ngiti,ngit1239,lapsyd_1470_niy
njo,"Ao, Mongsen dialect",Mongsen,aona1235,
njz,Nyishi,Nyishi-Hill Miri,nyis1236,"lapsyd_Ray1967,lapsyd_69191"
nld,Dutch,Dutch,dutc1256,
nmk,Namakir,Namakura,nama1268,
nmu,"Maidu, Northeastern",Northeast Maidu,nort2952,"lapsyd_Shipley1956,lapsyd_Shipley1964"
nna,Nyangumarda,Nyangumarta,nyan1301,"lapsyd_161564,lapsyd_313139"
nnv,Nukunu,Nugunu (Australia),nugu1241,lapsyd_91194
nod,Nzadi (B865),Nzadi,nzad1234,
nor,Norwegian,Norwegian,norw1258,"lapsyd_Vanvik1972,lapsyd_Vanvik1972a,lapsyd_kristoffersen2000phonology"
npi,"Nepali, Kathmandu dialect.",Nepali,nepa1254,"lapsyd_Bandhu_etal1971,lapsyd_nep_khatiwada2009"
nrb,Nara,Nara,nara1262,"lapsyd_Bender1968,lapsyd_nrb_dawd2002"
ntu,Natügu,Natügu,natu1246,lapsyd_Wurm1972b
nut,Nung,Nung (Viet Nam),nung1283,lapsyd_Li1977
nuy,Nunggubuyu,Wubuy,nung1290,"lapsyd_145711,lapsyd_HughesLeeding1971"
nya,"Nyanja, Chichewa dialect",Chewa,nyan1308,
nyi,Ama,Ama (Sudan),amas1236,"lapsyd_Stevenson1957,lapsyd_TuckerBryan1966"
nyp,Nyangi,Nyang'i,nyan1313,lapsyd_Heine1975a
oca,Ocaina,Ocaina,ocai1244,lapsyd_AgnewPike1957
ogb,Ogbia,Ogbia,ogbi1239,"lapsyd_Williamson1972,lapsyd_Williamson1970"
ona,"Selknam, Central dialect",Selk'nam,onaa1245,
one,Oneida,Oneida,onei1249,
ood,Tohono O'odham,Tohono O'odham,toho1245,"lapsyd_Hale1959,lapsyd_Saxton1963"
ote,"Otomi, Mezquital",Mezquital Otomi,mezq1235,
oym,Wayampi,Wayampi,waya1270,
pab,Paresí,Parecís,pare1272,lapsyd_1828_Dasilva2009
pac,Pacoh,Pacoh,paco1243,lapsyd_Watson1964
pad,Paumarí,Paumari,paum1247,
pap,Papiamentu,Papiamento,papi1253,
pav,Wari',Wari',wari1268,lapsyd_1890_Everett1997
pay,"Pech, Culmí dialect",Pech,pech1241,lapsyd_Holt1986
pbb,Paez,Páez,paez1247,
pbh,Panare,Panare,enap1235,"lapsyd_Cauty1974,lapsyd_Cauty1974b,lapsyd_Cauty1978"
pci,Dhurwa,Duruwa,duru1236,lapsyd_1777_Burrow1953
pes,"Farsi, Western",Western Farsi,west2369,lapsyd_Obolensky_etal1963
pib,Yine,Yine,yine1238,
pid,Piaróa,Piaroa,piar1243,
pio,Piapoco,Piapoco,piap1246,
pjt,Pitjantjatjara,Pitjantjatjara,pitj1243,"lapsyd_132710,lapsyd_Douglas1955,lapsyd_Douglas1964,lapsyd_pjt_tabain2014"
plw,"Palawan, Brookes Point",Brooke's Point Palawano,broo1239,
pma,Paamese,Paama,paam1238,
pol,Polish,Polish,poli1260,lapsyd_pol_jassem2003
pom,Southeastern Pomo,Southeastern Pomo,sout2982,
pqm,Passamaquoddy,Malecite-Passamaquoddy,male1292,
pui,Wanshöhöt,Puinave,puin1248,lapsyd_1935_Giron2007
pwa,"Pawaian, Oyobe dialect",Pawaia,pawa1255,lapsyd_MacDonald1973
pwn,"Paiwan, Southern",Paiwan,paiw1248,lapsyd_Ho1977
pww,Phlong,Pwo Northern Karen,pwon1235,lapsyd_Cooke_etal1976
quh,"Quechua,  Cochabamba",South Bolivian Quechua,sout2991,lapsyd_Lastra1968
qvi,"Quechua, Imbabura",Imbabura Highland Quichua,imba1240,
ram,Canela-Krahô,Canela-Krahô,cane1242,lapsyd_1964_Popjesetal2009
rao,Rao,Rao,raoo1244,
rap,Rapanui,Rapanui,rapa1244,
rgr,Resigaro,Resígaro,resi1247,
rma,Rama,Rama,rama1270,
roo,Rotokas,Rotokas,roto1249,lapsyd_Firchow1969
rro,Roro,Roro,waim1251,"lapsyd_Bluhme1970,lapsyd_Davis1974"
rth,Toratán,Ratahan,rata1244,
rtm,Rotuman,Rotuman,rotu1241,
rus,Russian,Russian,russ1263,"lapsyd_Halle1959,lapsyd_JonesWard1969"
sab,"Bocotá, Chiriquí dialect",Buglere,bugl1243,
sad,Sandawe,Sandawe,sand1273,"lapsyd_1652_sandawe_2008,lapsyd_Dempwolff1916,lapsyd_Tucker_etal1977"
sag,Sango,Sango,sang1328,"lapsyd_Samarin1967a,lapsyd_Samarin1967b"
sah,Yakut,Sakha,yaku1245,
sat,Santali,Santali,sant1410,
sbc,Kele (Papua New Guinea),Kele (Papua New Guinea),kele1258,
scs,"Slave, Hare dialect (North)",North Slavey,nort2942,
sed,Sedang,Sedang,seda1262,lapsyd_Smith1968
see,Seneca,Seneca,sene1264,lapsyd_Chafe1967
sei,Seri,Seri,seri1257,lapsyd_sei_marlett_etal2005
sel,"Selkup, Taz (Northern) dialect",Selkup,selk1253,lapsyd_Katz1975a
set,Sentani,Sentani,nucl1632,lapsyd_Cowan1965
sgw,Chaha,Sebat Bet Gurage,seba1251,
she,Sheko,Sheko,shek1245,
shi,Tashlhiyt,Tachelhit,tach1250,"lapsyd_Applegate1958,lapsyd_shi_ridouane2014"
shp,Shipibo-Konibo,Shipibo-Conibo,ship1254,
sht,Shasta,Shasta,shas1239,lapsyd_Silver1964
sin,Sinhala,Sinhala,sinh1246,lapsyd_CoatesSilva1960
siz,Siwi,Siwi,siwi1239,
sja,Epena,Epena,epen1239,"lapsyd_1905_Harms1984,lapsyd_Harms1985"
skd,"Sierra Miwok, Southern",Southern Sierra Miwok,sout2985,"lapsyd_Broadbent1964,lapsyd_Freeland1951"
slc,Saliba (Colombia),Sáliba,sali1298,
slv,Slovene,Slovenian,slov1268,
snd,Sindhi,Sindhi,sind1272,
snf,Noon,Noon,noon1242,
snn,Siona,Siona-Tetete,sion1247,
spa,Spanish (Peninsular Castilian),Spanish,stan1288,"lapsyd_Navarro1961,lapsyd_SaportaContreras1962,lapsyd_spa_martinez-celdra2003,lapsyd_Harris1969"
spl,Selepet,Selepet,sele1250,lapsyd_McElhanon1970b
spp,"Supyire, Kampwo dialect",Supyire Senoufo,supy1237,
spu,Sapuan,Sapuan,sapu1248,
srb,Sora,Sora,sora1254,
stv,Silt'i,Silt'e,silt1240,lapsyd_1414_stv
sue,Suena,Suena,suen1241,
sun,Sundanese,Sundanese,sund1252,lapsyd_Robins1957
sva,"Svan, Lower Bal dialect",Lower Bal,svan1243,
svs,Savosavo,Savosavo,savo1255,
swe,Swedish,Swedish,swed1254,
swh,KiSwahili,Swahili,swah1253,lapsyd_Polome1967
sxm,Samre,Samre of Siem Reap,samr1245,
sza,Semelai,Semelai,seme1247,
tab,Tabasaran,Tabasaran,taba1259,
tae,Tariana,Tariana,tari1256,lapsyd_1831_Aikhenvald2003
tam,Tamil,Tamil,tami1289,lapsyd_tam_keane2004
tan,"Tangale, Shongom dialect",Tangale,nucl1696,lapsyd_1567_tan
tbi,Gaahmg,Gaam,gaam1241,lapsyd_1616_Stirtz_tbi
tca,Ticuna,Ticuna,ticu1245,lapsyd_Anderson1959
tcf,"Tlapanec, Malinaltepec",Malinaltepec Me'phaa,mali1285,lapsyd_Suarez1983
tcy,Tulu,Tulu,tulu1258,
teh,Tehuelche,Tehuelche,tehu1242,
tem,Themne,Timne,timn1235,"lapsyd_Dalby1966,lapsyd_Wilson1961,lapsyd_tem_kanu2010"
tet,"Tetun, Western dialect",Tetum,tetu1245,lapsyd_Morris1984
teu,So,Soo,sooo1256,
tez,Tetserret,Tetserret,tets1235,
tgc,Tigak,Tigak,tiga1245,lapsyd_Beaumont1979
tgl,Tagalog,Tagalog,taga1270,"lapsyd_SchachterOtanes1972,lapsyd_11180"
tha,"Thai, Standard",Thai,thai1261,"lapsyd_Abramson1962,lapsyd_Kruatrachue1960,lapsyd_Noss1954,lapsyd_Noss1964"
thd,Kuuk Thaayorre,Thayore,thay1249,lapsyd_107761
ths,"Thakali, Tukche dialect",Thakali,thak1245,
tig,Tigre,Tigre,tigr1270,lapsyd_Palmer1962
tiw,Tiwi,Tiwi,tiwi1244,"lapsyd_Lee1983,lapsyd_3968,lapsyd_Lee1984"
tiy,Teduray,Tiruray,tiru1241,lapsyd_Post1966
tjm,Timucua (Mocama dialect),Timucua,timu1245,
tlc,"Totonac, Misantla dialect",Yecuatla Totonac,yecu1235,
tli,Tlingit,Tlingit,tlin1245,
tlo,Jomang,Tasomi-Tata,talo1250,lapsyd_Schadeberg1981b
tnc,Tanimuca-Retuarã,Tanimuca-Retuarã,tani1257,
tnl,Lenakel,Lenakel,lena1238,lapsyd_Lynch1978
tob,Toba,Toba,toba1269,
tol,Tolowa,Tolowa-Chetco,tolo1259,lapsyd_Bright1964
top,"Totonac, Papantla dialect",Papantla Totonac,papa1238,lapsyd_Aschmann1946
tow,Towa,Towa,jeme1245,lapsyd_tow_yumitani1998
tpm,Tampulma,Tampulma,tamp1252,lapsyd_Bergman_etal1969
tpy,Trumai,Trumai,trum1247,"lapsyd_1939_Guiardello1999,lapsyd_Trumai1975"
tqo,Toaripi,Toaripi,toar1246,
tqw,Tonkawa,Tonkawa,tonk1249,"lapsyd_Hoijer1949,lapsyd_Hoijer1972"
tri,Trio,Trió,trio1238,lapsyd_1884_Meira1999
tsb,Ts'amakko,Tsamai,tsam1247,lapsyd_1608_Sava_tsamakko_tsb
tsg,Tausug,Tausug,taus1251,
tsi,"Tsimshian, Coast",Southern-Coastal Tsimshian,nucl1649,"lapsyd_Dunn1979,lapsyd_Mulder1988,lapsyd_Hoard1978"
tsu,Tsou,Tsou,tsou1248,lapsyd_Tung1964
tsz,Purépecha,Purepecha,pure1242,"lapsyd_Foster1969,lapsyd_Friedrich1975"
tti,Tobati,Tobati,toba1266,
ttr,Tera,Tera,tera1251,"lapsyd_Newman1970,lapsyd_ttr_tench2007"
tun,Tunica,Tunica,tuni1252,
tur,Turkish,Turkish,nucl1301,"lapsyd_Lees1961,lapsyd_Swift1963"
twf,"Tiwa, Northern",Taos Northern Tiwa,nort1550,
tyv,Tuva,Tuvinian,tuvi1240,"lapsyd_Seglenmej1979,lapsyd_Song1982"
tzh,"Tzeltal, Aguacatenango dialect",Tzeltal,tzel1254,lapsyd_Kaufman1971
tzj,"Tzutujil, Eastern (San Juan la Laguna dialect)",Tz'utujil,tzut1248,lapsyd_tzj_dayley1985
tzm,Tamazight (Central Atlas),Central Moroccan Berber,cent2194,
uig,"Uyghur, Standard dialect of Urumqi",Uighur,uigh1240,
ulk,Meriam Mer,Meriam,meri1244,
umb,UMbundu,Umbundu,umbu1257,lapsyd_Schadeberg1982
ung,Ngarinyin,Ngarinyin,ngar1284,"lapsyd_303263,lapsyd_CoateElkin1974"
unr,Mundari,Mundari,mund1320,"lapsyd_1770_Osada1992,lapsyd_GumperzBilibiri1957"
ura,Urarina,Urarina,urar1246,lapsyd_1940_Olawsky2006
urb,Urubu-Kaapor,Urubú-Kaapor,urub1250,
urk,Urak Lawoi',Urak Lawoi',urak1238,
uzn,"Northern Uzbek, Tashkent dialect",Northern Uzbek,nort2690,"lapsyd_Sjoberg1963,lapsyd_Sjoberg1962"
vam,Dumo,Vanimo,vani1248,lapsyd_Ross1980
vie,Vietnamese,Vietnamese,viet1252,"lapsyd_Nguyen1974,lapsyd_vie_kirby2011"
vma,Martuthunira,Martuthunira,mart1255,lapsyd_122542
vmb,Mbabaram,Mbabaram,mbab1239,lapsyd_Dixon1966a
wap,Wapishana,Wapishana,wapi1253,lapsyd_1833_Dossantos2006
wba,Warao,Warao,wara1303,"lapsyd_Osborn1966,lapsyd_1943_Romero-Figueroa1997"
wgi,Mid-Wahgi,Wahgi,nucl1620,lapsyd_Phillips1976
wgu,Wirangu,Wirangu,wira1265,lapsyd_313647
wic,Wichita,Wichita,wich1260,"lapsyd_Rood1975,lapsyd_Garvin1950"
wim,Wik-Munkan,Wik-Mungkan,wikm1247,"lapsyd_McConnel1945,lapsyd_SayersGodfrey1964"
wmb,Wambaya,Wambayan,wamb1258,lapsyd_96315
wnc,Wantoat,Wantoat,want1252,lapsyd_Davis1969
wno,Wano,Wano,wano1243,
wnu,Usan,Usan,usan1239,lapsyd_Reesink1987
wnw,Wintu,Nuclear Wintu,nucl1651,lapsyd_BroadbentPitkin1964
woi,Kamang,Kamang,kama1365,
wol,Wolof,Wolof,nucl1347,"lapsyd_Sauvageot1965,lapsyd_Ward1963"
wrk,Garrwa,Garrwa,gara1269,"lapsyd_Furby1974,lapsyd_314518"
wrr,Wardaman,Wardaman,ward1246,lapsyd_479
wrs,Waris,Waris,wari1266,lapsyd_Brown1988
wrz,Waray (Australia),Warray,wara1290,lapsyd_94306
wuv,Wuvulu,Wuvulu-Aua,wuvu1239,
wwr,Warrwa,Warrwa,warr1258,
wyb,Ngiyambaa,Ngiyambaa,wang1291,lapsyd_Donaldson1980
xav,Xavante,Xavánte,xava1240,
xaw,Kawaiisu,Kawaiisu,kawa1283,lapsyd_Zigmond_etal1988
xmh,Kugu Nganhcara,Kuku-Muminh,kuku1283,
xnu,Kunuz Nubian,Kenuzi,kenu1243,
xpe,Kpelle,Liberia Kpelle,libe1247,"lapsyd_Hyman1973,lapsyd_Welmers1962,lapsyd_Welmers1973"
xsu,Sanuma,Sanumá,sanu1240,
xtc,Kadugli,Katcha-Kadugli-Miri,katc1249,"lapsyd_Abdalla1973,lapsyd_1416_kadugli_krongo"
xwa,Kwaza,Kwaza,kwaz1243,lapsyd_2124_Vandervoort2004
yab,Yuhup,Yuhup,yuhu1238,
yad,Yagua,Yagua,yagu1244,lapsyd_Payne1985
yan,Sumu,Mayangna,maya1285,
yaq,Yaqui,Yaqui,yaqu1251,lapsyd_Johnson1962
ybe,Saryg Yugur,West Yugur,west2402,
ycn,Yucuna,Yucuna,yucu1253,lapsyd_SchauerSchauer1967
yee,Yimas,Yimas,yima1243,
yeu,Yerukala,Yerukula,yeru1240,
ygr,"Yagaria, Move dialect",Yagaria,yaga1260,"lapsyd_Haiman1980,lapsyd_Renck1967,lapsyd_Renck1975"
yii,Yidiny,Yidiñ,yidi1250,lapsyd_Dixon1977
ykg,Tundra Yukaghir,Northern Yukaghir,nort2745,"lapsyd_maslova2003tundra,lapsyd_Krejnovich1958,lapsyd_Krejnovich1968b"
yle,Yelî Dnye,Yele,yele1255,
ynn,"Yana, Northern dialect",Yana,yana1271,lapsyd_SapirSwadesh1960
yok,Chukchansi,Northern Yokuts,yoku1256,
yor,Yoruba,Yoruba,yoru1245,lapsyd_Bamgbose1966
yrb,Yareba,Yareba,yare1248,lapsyd_WeimerWeimer1972
yss,Yessan-Mayo,Yessan-Mayo,yess1239,
yua,Yucatec,Yucatec Maya,yuca1254,lapsyd_Straight1976
yuc,Yuchi,Yuchi,yuch1247,"lapsyd_Ballard1975,lapsyd_Crawford1973,lapsyd_yuc_linn2001"
yui,Yurutí,Yurutí,yuru1263,
yul,Yulu,Yulu,yulu1243,lapsyd_Boyeldieu1987
yur,Yurok,Yurok,yuro1248,lapsyd_yur_robins1958
yux,Kolyma Yukaghir,Southern Yukaghir,sout2750,lapsyd_103697
yva,Yawa,Yawa,nucl1454,
zku,Kaurna,Kaurna,kaur1267,
zmc,Gunya,Margany,marg1253,
zmr,Maranungku,Maranunggu,mara1386,lapsyd_Tryon1970
zne,Azande,Zande,zand1248,lapsyd_TuckerHackett1959
zoc,"Zoque, Copainalá",Copainalá Zoque,copa1236,lapsyd_Wonderly1951
zun,Zuni,Zuni,zuni1245,"lapsyd_Newman1965,lapsyd_Walker1972"
